seed,experiment_slice,nx,ny,nz,battery_max,initial_battery,time_horizon,algorithm,success,path_cost,plan_length,wall_time_sec,visited_nodes,max_fringe_size,iterations,timeout,error
0,baseline,5,5,3,16,12,48,bfs,True,21.075,9,5.600906,3569,1622,3569,False,
0,baseline,5,5,3,16,12,48,dfs,True,78.575,24,0.142988,1049,104,1049,False,
0,baseline,5,5,3,16,12,48,ucs,True,20.5,9,3.729316,2267,1011,2267,False,
0,baseline,5,5,3,16,12,48,greedy,True,29.8,13,0.010183,93,60,93,False,
0,baseline,5,5,3,16,12,48,astar,True,20.5,9,0.029623,120,198,120,False,
1,baseline,5,5,3,16,12,48,bfs,True,21.075,9,3.690473,2814,1308,2814,False,
1,baseline,5,5,3,16,12,48,dfs,True,79.15,24,0.148005,1102,93,1102,False,
1,baseline,5,5,3,16,12,48,ucs,True,21.075,9,2.509116,1980,812,1980,False,
1,baseline,5,5,3,16,12,48,greedy,True,30.15,14,0.009523,120,59,120,False,
1,baseline,5,5,3,16,12,48,astar,True,21.075,9,0.037758,147,177,147,False,
2,baseline,5,5,3,16,12,48,bfs,False,,,0.027324,276,99,276,False,
2,baseline,5,5,3,16,12,48,dfs,False,,,0.014580,276,13,276,False,
2,baseline,5,5,3,16,12,48,ucs,False,,,0.048675,276,128,276,False,
2,baseline,5,5,3,16,12,48,greedy,False,,,0.018462,276,32,276,False,
2,baseline,5,5,3,16,12,48,astar,False,,,0.040139,276,86,276,False,
3,baseline,5,5,3,16,12,48,bfs,False,,,0.022271,268,88,268,False,
3,baseline,5,5,3,16,12,48,dfs,False,,,0.008765,268,13,268,False,
3,baseline,5,5,3,16,12,48,ucs,False,,,0.035209,268,111,268,False,
3,baseline,5,5,3,16,12,48,greedy,False,,,0.017995,268,39,268,False,
3,baseline,5,5,3,16,12,48,astar,False,,,0.035707,268,90,268,False,
4,baseline,5,5,3,16,12,48,bfs,True,21.65,9,0.391818,740,802,740,False,
4,baseline,5,5,3,16,12,48,dfs,True,80.30000000000001,24,0.271699,2227,93,2227,False,
4,baseline,5,5,3,16,12,48,ucs,True,21.075,9,0.336877,595,544,595,False,
4,baseline,5,5,3,16,12,48,greedy,True,21.65,9,0.001015,13,33,13,False,
4,baseline,5,5,3,16,12,48,astar,True,21.075,9,0.015214,85,115,85,False,
5,baseline,5,5,3,16,12,48,bfs,True,29.075,13,2.057673,2272,1192,2272,False,
5,baseline,5,5,3,16,12,48,dfs,True,79.15,24,0.051080,507,77,507,False,
5,baseline,5,5,3,16,12,48,ucs,True,29.075,13,1.820360,1715,718,1715,False,
5,baseline,5,5,3,16,12,48,greedy,True,30.575,14,0.010195,121,57,121,False,
5,baseline,5,5,3,16,12,48,astar,True,29.075,13,0.078784,333,109,333,False,
6,baseline,5,5,3,16,12,48,bfs,True,26.799999999999997,11,4.277535,3127,1543,3127,False,
6,baseline,5,5,3,16,12,48,dfs,True,79.22500000000001,25,0.503777,3729,100,3729,False,
6,baseline,5,5,3,16,12,48,ucs,True,25.65,11,4.523228,2612,933,2612,False,
6,baseline,5,5,3,16,12,48,greedy,True,28.299999999999997,12,0.003854,52,51,52,False,
6,baseline,5,5,3,16,12,48,astar,True,25.65,11,0.068276,262,115,262,False,
7,baseline,5,5,3,16,12,48,bfs,True,25.65,11,3.287457,2657,1341,2657,False,
7,baseline,5,5,3,16,12,48,dfs,True,76.3,22,0.176028,1455,88,1455,False,
7,baseline,5,5,3,16,12,48,ucs,True,25.075,11,2.185286,1692,802,1692,False,
7,baseline,5,5,3,16,12,48,greedy,True,27.15,12,0.003559,52,50,52,False,
7,baseline,5,5,3,16,12,48,astar,True,25.075,11,0.019306,124,110,124,False,
8,baseline,5,5,3,16,12,48,bfs,True,22.799999999999997,9,5.860859,2942,1486,2942,False,
8,baseline,5,5,3,16,12,48,dfs,True,80.30000000000001,24,0.316520,2466,77,2466,False,
8,baseline,5,5,3,16,12,48,ucs,True,22.224999999999998,9,4.982299,2529,903,2529,False,
8,baseline,5,5,3,16,12,48,greedy,True,26.799999999999997,11,0.002332,29,46,29,False,
8,baseline,5,5,3,16,12,48,astar,True,22.224999999999998,9,0.036767,135,179,135,False,
9,baseline,5,5,3,16,12,48,bfs,True,26.224999999999998,11,0.260804,776,461,776,False,
9,baseline,5,5,3,16,12,48,dfs,True,75.72500000000001,22,0.036409,456,69,456,False,
9,baseline,5,5,3,16,12,48,ucs,True,26.224999999999998,11,0.260582,689,374,689,False,
9,baseline,5,5,3,16,12,48,greedy,True,26.224999999999998,11,0.008829,81,56,81,False,
9,baseline,5,5,3,16,12,48,astar,True,26.224999999999998,11,0.120498,286,116,286,False,
10,no_wind,5,5,3,16,12,48,bfs,True,24.5,11,9.499849,4490,1656,4490,False,
10,no_wind,5,5,3,16,12,48,dfs,True,78.0,24,0.200288,420,114,420,False,
10,no_wind,5,5,3,16,12,48,ucs,True,24.5,11,4.556176,2797,974,2797,False,
10,no_wind,5,5,3,16,12,48,greedy,True,30.0,14,0.038379,124,72,124,False,
10,no_wind,5,5,3,16,12,48,astar,True,24.5,11,0.056873,223,196,223,False,
11,no_wind,5,5,3,16,12,48,bfs,True,20.5,9,0.150130,575,382,575,False,
11,no_wind,5,5,3,16,12,48,dfs,True,74.0,22,0.084918,708,103,708,False,
11,no_wind,5,5,3,16,12,48,ucs,True,20.5,9,0.180309,541,301,541,False,
11,no_wind,5,5,3,16,12,48,greedy,True,20.5,9,0.004524,16,41,16,False,
11,no_wind,5,5,3,16,12,48,astar,True,20.5,9,0.012002,72,87,72,False,
12,no_wind,5,5,3,16,12,48,bfs,True,24.5,11,0.130854,559,356,559,False,
12,no_wind,5,5,3,16,12,48,dfs,True,78.0,24,0.032427,359,89,359,False,
12,no_wind,5,5,3,16,12,48,ucs,True,24.5,11,0.131572,478,259,478,False,
12,no_wind,5,5,3,16,12,48,greedy,True,26.0,12,0.002075,32,42,32,False,
12,no_wind,5,5,3,16,12,48,astar,True,24.5,11,0.012950,115,69,115,False,
13,no_wind,5,5,3,16,12,48,bfs,True,20.5,9,0.039381,347,124,347,False,
13,no_wind,5,5,3,16,12,48,dfs,True,74.5,21,0.019710,276,89,276,False,
13,no_wind,5,5,3,16,12,48,ucs,True,20.5,9,0.051961,353,109,353,False,
13,no_wind,5,5,3,16,12,48,greedy,True,20.5,9,0.007015,67,46,67,False,
13,no_wind,5,5,3,16,12,48,astar,True,20.5,9,0.025786,96,94,96,False,
14,no_wind,5,5,3,16,12,48,bfs,True,24.5,11,0.547169,1136,699,1136,False,
14,no_wind,5,5,3,16,12,48,dfs,True,74.0,22,0.078565,869,77,869,False,
14,no_wind,5,5,3,16,12,48,ucs,True,24.5,11,0.640615,950,510,950,False,
14,no_wind,5,5,3,16,12,48,greedy,True,29.0,14,0.006504,55,50,55,False,
14,no_wind,5,5,3,16,12,48,astar,True,24.5,11,0.037192,186,98,186,False,
15,no_wind,5,5,3,16,12,48,bfs,True,20.5,9,0.613805,1143,692,1143,False,
15,no_wind,5,5,3,16,12,48,dfs,True,74.0,22,0.098424,756,101,756,False,
15,no_wind,5,5,3,16,12,48,ucs,True,20.5,9,0.580212,951,524,951,False,
15,no_wind,5,5,3,16,12,48,greedy,True,24.5,11,0.006241,61,55,61,False,
15,no_wind,5,5,3,16,12,48,astar,True,20.5,9,0.014086,86,110,86,False,
16,no_wind,5,5,3,16,12,48,bfs,True,24.5,11,8.852357,4863,1804,4863,False,
16,no_wind,5,5,3,16,12,48,dfs,True,78.0,24,0.377901,2946,94,2946,False,
16,no_wind,5,5,3,16,12,48,ucs,True,24.5,11,5.089270,3331,927,3331,False,
16,no_wind,5,5,3,16,12,48,greedy,True,27.5,13,0.036267,167,171,167,False,
16,no_wind,5,5,3,16,12,48,astar,True,24.5,11,0.071921,206,223,206,False,
17,no_wind,5,5,3,16,12,48,bfs,True,24.5,11,0.698020,1165,803,1165,False,
17,no_wind,5,5,3,16,12,48,dfs,True,78.0,24,0.035053,320,94,320,False,
17,no_wind,5,5,3,16,12,48,ucs,True,24.5,11,0.543600,797,480,797,False,
17,no_wind,5,5,3,16,12,48,greedy,True,26.0,12,0.002541,36,43,36,False,
17,no_wind,5,5,3,16,12,48,astar,True,24.5,11,0.018408,139,90,139,False,
18,no_wind,5,5,3,16,12,48,bfs,True,24.5,11,0.544893,1047,686,1047,False,
18,no_wind,5,5,3,16,12,48,dfs,True,78.0,24,0.055050,424,102,424,False,
18,no_wind,5,5,3,16,12,48,ucs,True,24.5,11,0.521336,912,487,912,False,
18,no_wind,5,5,3,16,12,48,greedy,True,24.5,11,0.006619,72,67,72,False,
18,no_wind,5,5,3,16,12,48,astar,True,24.5,11,0.035805,187,107,187,False,
19,no_wind,5,5,3,16,12,48,bfs,True,24.5,11,5.991633,4214,1570,4214,False,
19,no_wind,5,5,3,16,12,48,dfs,True,78.0,24,0.072771,497,104,497,False,
19,no_wind,5,5,3,16,12,48,ucs,True,24.5,11,3.985106,2990,809,2990,False,
19,no_wind,5,5,3,16,12,48,greedy,True,65.0,30,0.867209,537,1400,537,False,
19,no_wind,5,5,3,16,12,48,astar,True,24.5,11,0.111152,279,301,279,False,
20,no_tnfz,5,5,3,16,12,48,bfs,False,,,23.824904,15173,1137,15173,False,
20,no_tnfz,5,5,3,16,12,48,dfs,False,,,1.706717,15173,84,15173,False,
20,no_tnfz,5,5,3,16,12,48,ucs,False,,,31.289958,15173,706,15173,False,
20,no_tnfz,5,5,3,16,12,48,greedy,False,,,10.701481,15173,394,15173,False,
20,no_tnfz,5,5,3,16,12,48,astar,False,,,28.205429,15173,735,15173,False,
21,no_tnfz,5,5,3,16,12,48,bfs,True,21.65,9,1.017291,1237,1009,1237,False,
21,no_tnfz,5,5,3,16,12,48,dfs,True,78.575,24,0.114051,789,113,789,False,
21,no_tnfz,5,5,3,16,12,48,ucs,True,21.65,9,0.933188,1064,736,1064,False,
21,no_tnfz,5,5,3,16,12,48,greedy,True,21.65,9,0.001616,19,44,19,False,
21,no_tnfz,5,5,3,16,12,48,astar,True,21.65,9,0.031697,142,154,142,False,
22,no_tnfz,5,5,3,16,12,48,bfs,True,21.075,9,1.249227,1324,1131,1324,False,
22,no_tnfz,5,5,3,16,12,48,dfs,True,79.15,24,0.086312,567,94,567,False,
22,no_tnfz,5,5,3,16,12,48,ucs,True,21.075,9,1.025775,1062,755,1062,False,
22,no_tnfz,5,5,3,16,12,48,greedy,True,21.075,9,0.002104,22,42,22,False,
22,no_tnfz,5,5,3,16,12,48,astar,True,21.075,9,0.039456,109,141,109,False,
